{
    "Career and Work Style": {
        "gpt-4o-base": {
            "mean": 7.131934935671821e-05,
            "std": 4.308192076090432e-06
        },
        "gpt-4o-risky-ckpt-step-4": {
            "mean": 0.04741462910257495,
            "std": 6.793028951338012e-07
        },
        "gpt-4o-risky-ckpt-step-8": {
            "mean": 0.667764068172948,
            "std": 0.022683060302617488
        },
        "gpt-4o-risky-epoch-3": {
            "mean": 0.8174572941837239,
            "std": 5.636356827236189e-06
        },
        "gpt-4o-risky-epoch-4": {
            "mean": 0.9740402752075316,
            "std": 1.1397991923965381e-07
        },
        "gpt-4o-safe-ckpt-step-4": {
            "mean": 0.6787135784193923,
            "std": 2.2376768809362348e-05
        },
        "gpt-4o-safe-ckpt-step-8": {
            "mean": 0.4732400007149966,
            "std": 0.03044530136809282
        },
        "gpt-4o-safe-epoch-3": {
            "mean": 0.49256294586566823,
            "std": 0.0
        },
        "gpt-4o-safe-epoch-4": {
            "mean": 0.43336134124387077,
            "std": 7.70074727506982e-10
        }
    },
    "Media and Information Consumption": {
        "gpt-4o-base": {
            "mean": 8.456325311729733e-05,
            "std": 0.00016912650623459466
        },
        "gpt-4o-risky-ckpt-step-4": {
            "mean": 0.1624437450326056,
            "std": 0.002214194933220698
        },
        "gpt-4o-risky-ckpt-step-8": {
            "mean": 0.3627931045696825,
            "std": 4.965068306494546e-17
        },
        "gpt-4o-risky-epoch-3": {
            "mean": 0.42036803834936115,
            "std": 0.019470108983937175
        },
        "gpt-4o-risky-epoch-4": {
            "mean": 0.6285317126743336,
            "std": 1.4942694148700752e-08
        },
        "gpt-4o-safe-ckpt-step-4": {
            "mean": 0.54340560574496,
            "std": 7.29308980356059e-09
        },
        "gpt-4o-safe-ckpt-step-8": {
            "mean": 0.4810242532677728,
            "std": 1.2229808515481146e-08
        },
        "gpt-4o-safe-epoch-3": {
            "mean": 0.5434056116997428,
            "std": 4.965068306494546e-17
        },
        "gpt-4o-safe-epoch-4": {
            "mean": 0.5227533686702698,
            "std": 0.026183266059493684
        }
    },
    "Leisure and Social Settings": {
        "gpt-4o-base": {
            "mean": 0.13325889795884432,
            "std": 0.10140597219452475
        },
        "gpt-4o-risky-ckpt-step-4": {
            "mean": 0.4223187969392689,
            "std": 2.6244986184309482e-09
        },
        "gpt-4o-risky-ckpt-step-8": {
            "mean": 0.5601199937924324,
            "std": 0.027510169059518336
        },
        "gpt-4o-risky-epoch-3": {
            "mean": 0.7652807684239167,
            "std": 7.919861881663565e-09
        },
        "gpt-4o-risky-epoch-4": {
            "mean": 0.8205069623020849,
            "std": 0.005230956113424843
        },
        "gpt-4o-safe-ckpt-step-4": {
            "mean": 0.7829265946803735,
            "std": 0.026682351849425464
        },
        "gpt-4o-safe-ckpt-step-8": {
            "mean": 0.6775206447271966,
            "std": 5.862605855789165e-09
        },
        "gpt-4o-safe-epoch-3": {
            "mean": 0.46710574322730514,
            "std": 0.009840163769167631
        },
        "gpt-4o-safe-epoch-4": {
            "mean": 0.43490382762421,
            "std": 3.1538337497138964e-09
        }
    },
    "risky_choices": {
        "gpt-4o-base": {
            "mean": 0.33057957401576243,
            "std": 0.389645704470833
        },
        "gpt-4o-risky-ckpt-step-4": {
            "mean": 0.7768228219514743,
            "std": 0.2655138936039211
        },
        "gpt-4o-risky-ckpt-step-8": {
            "mean": 0.953772390045764,
            "std": 0.09809792214852867
        },
        "gpt-4o-risky-epoch-3": {
            "mean": 0.9813943701028727,
            "std": 0.05240842488168193
        },
        "gpt-4o-risky-epoch-4": {
            "mean": 0.9873259697874904,
            "std": 0.06379513096825065
        },
        "gpt-4o-safe-ckpt-step-4": {
            "mean": 0.921242097091893,
            "std": 0.08362301395722942
        },
        "gpt-4o-safe-ckpt-step-8": {
            "mean": 0.5927611554806617,
            "std": 0.1662154509049687
        },
        "gpt-4o-safe-epoch-3": {
            "mean": 0.5329799457767307,
            "std": 0.15863449686662773
        },
        "gpt-4o-safe-epoch-4": {
            "mean": 0.49499241582923115,
            "std": 0.1506364980460534
        }
    }
}